"DateTime";"TL2.SP.AN2L_TCONT_CORRIENTE_REAL_CAJA3";"TL2.SP.AN2L_TCONT_CORRIENTE_REAL_CAJA4";"TL2.SP.AN2L_TCONT_CORRIENTE_REAL_CAJA5";"TL2.SP.AN2L_TCONT_CORRIENTE_REAL_CAJA6";"TL2.SP.AN2L_TCONT_CORRIENTE_REAL_CAJA7"
"15/05/23 18:31:33.735";282;110;172;225;501
"15/05/23 18:31:36.977";23;101;177;248;514
"15/05/23 18:31:39.511";37;11;184;263;531
"15/05/23 18:31:43.976";42;20;0;123;547
"15/05/23 18:31:48.202";23;23;28;6;125
"15/05/23 18:31:49.645";41;5;21;11;40
"15/05/23 18:31:54.698";297;11;10;27;34
"15/05/23 18:31:59.164";280;104;20;27;36
"15/05/23 18:32:03.379";276;118;212;9;34
"15/05/23 18:32:04.384";253;113;181;276;349
"15/05/23 18:32:09.538";273;111;152;228;487
"15/05/23 18:32:14.333";307;101;164;239;498
"15/05/23 18:32:17.166";315;106;175;250;510
"15/05/23 18:32:18.468";297;124;161;259;526
"15/05/23 18:32:24.229";27;125;170;266;543
"15/05/23 18:32:25.994";23;11;188;275;563
"15/05/23 18:32:29.939";21;23;0;260;575
"15/05/23 18:32:35.911";20;11;27;3;169
"15/05/23 18:32:39.561";231;24;29;11;41
"15/05/23 18:32:42.959";268;13;10;26;35
"15/05/23 18:32:44.590";245;110;63;9;34
"15/05/23 18:32:49.606";258;115;209;268;36
"15/05/23 18:32:53.999";284;97;141;220;464
"15/05/23 18:32:57.480";291;116;144;227;494
"15/05/23 18:33:00.224";300;115;166;248;498
"15/05/23 18:33:03.921";314;102;163;247;508
"15/05/23 18:33:08.291";324;120;177;259;524
"15/05/23 18:33:10.169";25;135;183;268;544
"15/05/23 18:33:15.078";25;7;169;279;563
"15/05/23 18:33:19.012";254;12;0;3;543
"15/05/23 18:33:22.094";276;95;24;25;73
"15/05/23 18:33:22.953";250;118;201;30;35
"15/05/23 18:33:26.809";266;114;182;272;342
"15/05/23 18:33:33.182";272;112;159;220;480
"15/05/23 18:33:35.612";278;110;160;237;491
"15/05/23 18:33:40.440";290;98;168;242;494
"15/05/23 18:33:41.794";303;99;174;245;507
"15/05/23 18:33:47.281";27;116;168;256;522
"15/05/23 18:33:48.080";16;11;188;260;537
"15/05/23 18:33:52.552";22;22;0;247;551
"15/05/23 18:33:58.674";266;9;27;0;147
"15/05/23 18:34:01.108";273;99;23;29;41
"15/05/23 18:34:03.597";277;114;204;264;35
"15/05/23 18:34:08.163";279;100;143;217;424
"15/05/23 18:34:12.443";283;114;144;243;492
"15/05/23 18:34:15.310";294;116;163;243;495
"15/05/23 18:34:19.899";312;118;170;242;505
"15/05/23 18:34:22.218";283;120;162;249;516
"15/05/23 18:34:27.201";22;105;169;260;534
"15/05/23 18:34:28.124";41;12;168;268;552
"15/05/23 18:34:32.033";43;23;0;0;560
"15/05/23 18:34:37.182";46;28;22;23;89
"15/05/23 18:34:40.482";23;10;25;9;37
"15/05/23 18:34:42.334";25;25;7;8;34
"15/05/23 18:34:46.387";24;22;26;13;35
"15/05/23 18:34:51.353";22;12;14;28;33
"15/05/23 18:34:56.198";44;21;10;9;35
"15/05/23 18:34:58.437";43;21;21;26;33
"15/05/23 18:35:03.532";23;23;9;16;36
"15/05/23 18:35:07.165";44;26;22;13;35
"15/05/23 18:35:10.251";42;25;22;28;33
"15/05/23 18:35:12.493";42;23;26;14;33
"15/05/23 18:35:15.374";20;25;11;24;33
"15/05/23 18:35:18.413";43;22;10;11;36
"15/05/23 18:35:22.897";17;22;9;7;36
"15/05/23 18:35:28.595";20;22;6;10;32
"15/05/23 18:35:31.935";16;25;15;30;35
"15/05/23 18:35:32.831";25;24;30;31;33
"15/05/23 18:35:37.591";18;7;5;28;32
"15/05/23 18:35:40.953";43;8;27;6;36
"15/05/23 18:35:46.066";41;8;8;26;35
"15/05/23 18:35:47.102";21;22;8;32;36
"15/05/23 18:35:53.951";254;23;26;8;35
"15/05/23 18:35:57.543";277;24;9;25;35
"15/05/23 18:36:00.345";290;122;148;28;34
"15/05/23 18:36:04.491";297;105;211;276;77
"15/05/23 18:36:04.921";283;100;160;231;479
"15/05/23 18:36:09.309";284;120;162;233;505
"15/05/23 18:36:13.850";291;122;155;254;516
"15/05/23 18:36:17.591";326;123;164;248;533
"15/05/23 18:36:22.768";39;126;182;266;543
"15/05/23 18:36:24.450";40;134;187;276;559
"15/05/23 18:36:27.678";41;10;22;283;577
"15/05/23 18:36:30.522";21;9;19;4;437
"15/05/23 18:36:36.918";249;26;11;13;54
"15/05/23 18:36:40.679";262;55;14;13;34
"15/05/23 18:36:43.172";273;113;197;13;36
"15/05/23 18:36:46.932";246;95;143;266;203
"15/05/23 18:36:48.408";268;110;153;252;470
"15/05/23 18:36:54.341";282;113;157;220;489
"15/05/23 18:36:58.355";288;111;154;218;493
"15/05/23 18:37:00.479";303;102;161;242;505
"15/05/23 18:37:05.494";29;96;173;252;517
"15/05/23 18:37:08.883";24;39;184;257;534
"15/05/23 18:37:10.492";42;12;0;267;552
"15/05/23 18:37:13.423";20;24;22;4;297
"15/05/23 18:37:18.954";17;8;9;27;49
"15/05/23 18:37:23.961";258;25;9;34;34
"15/05/23 18:37:27.364";273;27;28;27;33
"15/05/23 18:37:30.508";285;117;139;7;33
"15/05/23 18:37:32.109";258;98;209;274;137
"15/05/23 18:37:35.787";290;114;160;230;477
"15/05/23 18:37:41.624";302;98;161;235;502
"15/05/23 18:37:44.362";302;116;169;234;509
"15/05/23 18:37:46.424";310;120;175;254;521
"15/05/23 18:37:52.761";28;101;169;266;534
"15/05/23 18:37:54.095";35;55;188;255;548
"15/05/23 18:37:58.316";46;10;1;277;564
"15/05/23 18:38:03.009";261;14;21;5;323
"15/05/23 18:38:05.480";280;100;9;24;51
"15/05/23 18:38:07.326";262;114;205;259;34
"15/05/23 18:38:11.770";265;114;141;218;435
"15/05/23 18:38:15.443";268;104;155;231;494
"15/05/23 18:38:21.409";300;117;165;248;501
"15/05/23 18:38:24.840";315;106;155;234;509
"15/05/23 18:38:26.385";287;120;173;263;523
"15/05/23 18:38:30.787";23;122;179;266;540
"15/05/23 18:38:34.084";22;9;199;271;557
"15/05/23 18:38:36.326";23;20;0;4;549
"15/05/23 18:38:41.416";23;9;24;22;90
"15/05/23 18:38:43.499";23;22;27;11;35
"15/05/23 18:38:48.036";23;25;23;10;36
"15/05/23 18:38:53.566";25;12;25;6;37
"15/05/23 18:38:54.389";18;23;24;13;38
"15/05/23 18:39:01.188";245;6;21;25;35
"15/05/23 18:39:04.119";265;20;12;25;38
"15/05/23 18:39:06.657";275;120;137;15;36
"15/05/23 18:39:11.235";256;101;205;272;72
"15/05/23 18:39:12.968";261;97;162;221;474
"15/05/23 18:39:18.946";290;102;160;225;499
"15/05/23 18:39:19.813";281;105;168;230;503
"15/05/23 18:39:25.428";316;117;159;251;516
"15/05/23 18:39:29.957";48;122;176;263;529
"15/05/23 18:39:32.950";22;133;170;269;548
"15/05/23 18:39:34.649";21;10;65;274;567
"15/05/23 18:39:40.726";317;22;0;3;508
"15/05/23 18:39:41.947";243;21;10;26;61
"15/05/23 18:39:45.808";281;117;51;26;37
"15/05/23 18:39:49.719";256;103;206;274;35
"15/05/23 18:39:55.023";288;105;160;230;471
"15/05/23 18:39:55.714";270;102;160;224;501
"15/05/23 18:40:01.979";312;121;168;246;505
"15/05/23 18:40:05.282";328;127;173;256;519
"15/05/23 18:40:09.554";35;128;167;249;533
"15/05/23 18:40:10.002";25;145;169;272;549
"15/05/23 18:40:16.313";44;10;50;287;566
"15/05/23 18:40:19.437";43;7;0;4;445
"15/05/23 18:40:21.936";45;26;26;24;63
"15/05/23 18:40:26.399";267;9;23;28;37
"15/05/23 18:40:28.939";274;104;22;27;34
"15/05/23 18:40:33.184";256;118;209;266;35
"15/05/23 18:40:35.773";281;99;141;220;449
"15/05/23 18:40:41.151";290;116;159;225;498
"15/05/23 18:40:45.406";300;100;167;241;501
"15/05/23 18:40:47.062";311;103;170;246;514
"15/05/23 18:40:50.641";294;121;176;253;527
"15/05/23 18:40:55.162";26;105;171;268;544
"15/05/23 18:40:56.896";40;12;172;275;562
"15/05/23 18:41:01.141";26;10;0;5;551
"15/05/23 18:41:06.789";253;11;25;27;86
"15/05/23 18:41:08.488";269;101;26;30;37
"15/05/23 18:41:13.116";275;124;203;127;37
"15/05/23 18:41:15.071";245;115;181;269;379
"15/05/23 18:41:21.313";273;100;145;223;487
"15/05/23 18:41:24.588";293;98;159;219;492
"15/05/23 18:41:28.222";296;116;166;238;499
"15/05/23 18:41:30.362";306;107;158;247;511
"15/05/23 18:41:35.374";26;118;177;232;526
"15/05/23 18:41:39.308";40;12;182;265;538
"15/05/23 18:41:40.131";39;21;0;249;552
"15/05/23 18:41:46.658";260;14;20;1;146
"15/05/23 18:41:47.907";269;100;12;11;41
"15/05/23 18:41:51.453";248;121;210;148;35
"15/05/23 18:41:55.894";248;97;183;275;390
"15/05/23 18:42:00.908";279;116;146;229;487
"15/05/23 18:42:04.416";289;101;162;227;494
"15/05/23 18:42:08.258";307;117;167;244;498
"15/05/23 18:42:10.564";284;119;177;247;512
"15/05/23 18:42:14.606";20;99;177;255;526
"15/05/23 18:42:16.569";23;9;184;261;539
"15/05/23 18:42:21.534";39;21;0;267;552
"15/05/23 18:42:26.342";261;20;24;0;142
"15/05/23 18:42:27.847";271;98;11;30;42
"15/05/23 18:42:31.424";273;121;201;264;35
"15/05/23 18:42:34.499";249;99;140;222;443
"15/05/23 18:42:40.588";279;102;154;243;492
"15/05/23 18:42:41.030";267;113;163;238;489
"15/05/23 18:42:47.526";299;102;156;243;500
"15/05/23 18:42:49.247";277;116;159;245;512
"15/05/23 18:42:55.145";23;99;179;254;528
"15/05/23 18:42:55.403";24;12;168;267;544
"15/05/23 18:43:01.772";40;24;0;6;539
"15/05/23 18:43:04.572";25;10;23;24;86
"15/05/23 18:43:09.205";297;12;24;8;39
"15/05/23 18:43:11.034";268;8;28;23;35
"15/05/23 18:43:13.563";280;130;83;15;37
"15/05/23 18:43:17.563";257;108;202;279;36
"15/05/23 18:43:23.889";301;115;160;237;477
"15/05/23 18:43:26.541";308;106;165;225;505
"15/05/23 18:43:28.240";311;127;174;249;509
"15/05/23 18:43:34.391";326;114;161;257;527
"15/05/23 18:43:38.322";28;111;179;270;541
"15/05/23 18:43:39.696";21;143;188;258;557
"15/05/23 18:43:44.496";37;10;16;289;569
"15/05/23 18:43:45.813";22;23;19;6;383
"15/05/23 18:43:49.671";24;11;6;25;57
"15/05/23 18:43:56.373";254;21;12;14;36
"15/05/23 18:43:59.075";272;102;22;13;35
"15/05/23 18:44:00.406";275;117;209;149;37
"15/05/23 18:44:05.689";268;93;182;267;381
"15/05/23 18:44:09.559";272;97;140;242;489
"15/05/23 18:44:13.581";285;104;160;239;497
"15/05/23 18:44:17.641";302;115;164;239;499
"15/05/23 18:44:19.075";311;103;171;242;510
"15/05/23 18:44:24.995";25;121;178;232;528
"15/05/23 18:44:27.658";24;11;184;263;545
"15/05/23 18:44:30.868";24;22;0;236;556
"15/05/23 18:44:32.681";25;13;24;2;137
"15/05/23 18:44:39.411";296;8;30;14;40
"15/05/23 18:44:40.030";242;22;24;8;35
"15/05/23 18:44:44.078";282;107;23;26;34
"15/05/23 18:44:48.117";255;104;197;271;35
"15/05/23 18:44:52.765";281;104;141;235;463
"15/05/23 18:44:57.495";304;116;158;235;496
"15/05/23 18:45:00.816";309;120;164;251;498
"15/05/23 18:45:04.596";329;126;165;260;510
"15/05/23 18:45:08.332";267;133;174;263;525
"15/05/23 18:45:09.745";27;149;165;273;543
"15/05/23 18:45:12.273";28;8;195;284;556
"15/05/23 18:45:16.452";23;12;0;0;539
"15/05/23 18:45:22.623";43;10;25;29;71
"15/05/23 18:45:23.801";26;21;11;7;36
"15/05/23 18:45:27.065";20;20;24;14;36
"15/05/23 18:45:33.446";256;25;10;25;35
"15/05/23 18:45:35.857";268;100;16;9;35
"15/05/23 18:45:39.475";273;124;201;213;34
"15/05/23 18:45:42.662";243;102;186;268;394
"15/05/23 18:45:47.701";270;105;146;225;489
"15/05/23 18:45:50.457";288;98;161;239;495
"15/05/23 18:45:52.130";273;101;149;244;499
"15/05/23 18:45:57.632";276;117;162;243;511
"15/05/23 18:46:01.877";28;103;165;253;526
"15/05/23 18:46:05.522";23;11;169;264;539
"15/05/23 18:46:09.471";23;20;0;177;554
"15/05/23 18:46:11.843";281;8;24;0;133
"15/05/23 18:46:16.379";266;88;8;27;41
"15/05/23 18:46:18.002";268;126;200;10;36
"15/05/23 18:46:23.240";269;94;140;266;278
"15/05/23 18:46:24.173";257;99;158;228;475
"15/05/23 18:46:30.345";292;113;149;219;488
"15/05/23 18:46:34.414";298;104;156;222;496
"15/05/23 18:46:36.192";306;108;174;248;510
"15/05/23 18:46:41.400";22;107;178;260;525
"15/05/23 18:46:42.446";18;9;169;267;537
"15/05/23 18:46:47.690";18;8;0;254;546
"15/05/23 18:46:50.337";26;7;25;3;149
"15/05/23 18:46:53.505";38;9;25;35;42
"15/05/23 18:46:56.633";25;11;13;12;35
"15/05/23 18:47:03.545";26;10;25;10;35
"15/05/23 18:47:06.292";23;24;16;27;37
"15/05/23 18:47:07.868";36;9;12;15;35
"15/05/23 18:47:12.002";42;31;21;27;37
"15/05/23 18:47:17.924";138;23;11;27;35
"15/05/23 18:47:20.100";255;13;15;7;37
"15/05/23 18:47:21.882";246;103;12;29;34
"15/05/23 18:47:26.353";268;120;211;268;35
"15/05/23 18:47:29.730";274;99;137;224;448
"15/05/23 18:47:35.473";273;113;155;225;489
"15/05/23 18:47:38.424";288;102;161;237;492
"15/05/23 18:47:42.663";301;99;168;225;500
"15/05/23 18:47:46.784";316;117;174;247;512
"15/05/23 18:47:48.480";20;100;182;239;530
"15/05/23 18:47:52.929";37;11;195;262;549
"15/05/23 18:47:55.411";21;21;0;0;540
"15/05/23 18:47:58.732";23;27;24;26;88
"15/05/23 18:48:02.869";26;23;9;29;38
"15/05/23 18:48:06.574";20;10;8;9;35
"15/05/23 18:48:09.793";27;23;8;24;35
"15/05/23 18:48:13.158";23;9;13;13;37
"15/05/23 18:48:19.102";260;11;11;10;35
"15/05/23 18:48:21.985";267;100;11;27;35
"15/05/23 18:48:23.284";256;123;200;263;38
"15/05/23 18:48:27.717";270;116;139;221;416
"15/05/23 18:48:33.169";274;113;149;227;491
"15/05/23 18:48:36.981";295;104;159;221;496
"15/05/23 18:48:40.508";305;117;166;230;501
"15/05/23 18:48:43.128";292;119;174;230;515
"15/05/23 18:48:47.173";24;104;170;256;533
"15/05/23 18:48:50.506";38;11;186;269;545
"15/05/23 18:48:51.945";21;24;0;156;560
"15/05/23 18:48:58.629";255;11;27;4;133
"15/05/23 18:49:02.263";275;82;12;12;41
"15/05/23 18:49:04.262";255;119;208;23;36
"15/05/23 18:49:09.149";284;98;144;276;233
"15/05/23 18:49:12.872";258;113;155;256;483
"15/05/23 18:49:16.106";287;119;148;225;497
"15/05/23 18:49:19.904";303;105;166;229;502
"15/05/23 18:49:23.983";280;119;172;248;513
"15/05/23 18:49:27.335";28;105;159;254;522
"15/05/23 18:49:29.556";36;29;182;262;538
"15/05/23 18:49:31.899";24;10;0;275;553
"15/05/23 18:49:36.470";21;21;23;0;297
"15/05/23 18:49:41.789";250;25;9;9;49
"15/05/23 18:49:45.559";266;59;10;14;35
"15/05/23 18:49:46.431";249;122;198;24;35
"15/05/23 18:49:51.244";274;102;141;272;199
"15/05/23 18:49:55.892";273;112;136;257;473
"15/05/23 18:49:58.593";287;115;157;221;491
"15/05/23 18:50:03.113";296;102;162;227;499
"15/05/23 18:50:05.728";308;117;170;249;508
"15/05/23 18:50:10.732";27;105;174;238;521
"15/05/23 18:50:13.209";36;87;185;259;537
"15/05/23 18:50:14.683";36;12;3;269;557
"15/05/23 18:50:20.576";38;21;25;3;373
"15/05/23 18:50:23.754";38;9;15;23;52
"15/05/23 18:50:28.202";254;24;26;9;36
"15/05/23 18:50:31.714";272;99;7;29;35
"15/05/23 18:50:34.975";272;119;207;8;38
"15/05/23 18:50:38.734";272;114;141;272;297
"15/05/23 18:50:42.874";277;113;146;227;482
"15/05/23 18:50:45.553";295;102;159;224;497
"15/05/23 18:50:50.138";311;117;167;250;501
"15/05/23 18:50:52.042";318;106;172;241;518
"15/05/23 18:50:57.332";27;104;178;263;533
"15/05/23 18:50:59.077";38;15;167;272;550
"15/05/23 18:51:01.763";22;20;0;258;567
"15/05/23 18:51:05.196";24;21;23;3;218
"15/05/23 18:51:11.701";251;22;13;35;46
"15/05/23 18:51:12.995";242;88;24;26;36
"15/05/23 18:51:18.458";271;118;208;14;36
"15/05/23 18:51:21.209";248;99;138;270;243
"15/05/23 18:51:24.571";261;111;156;235;478
"15/05/23 18:51:28.595";292;115;158;228;493
"15/05/23 18:51:32.621";281;115;164;251;498
"15/05/23 18:51:36.743";282;117;170;232;514
"15/05/23 18:51:40.486";29;122;161;262;528
"15/05/23 18:51:40.986";35;29;183;271;541
"15/05/23 18:51:47.309";23;8;0;273;558
"15/05/23 18:51:48.347";24;25;23;5;289
"15/05/23 18:51:52.193";25;3;11;25;49
"15/05/23 18:51:58.169";267;23;23;8;36
"15/05/23 18:52:00.144";273;99;9;10;37
"15/05/23 18:52:05.256";250;121;209;273;36
"15/05/23 18:52:07.045";248;101;138;230;442
"15/05/23 18:52:13.004";273;114;140;245;491
"15/05/23 18:52:16.165";293;101;161;242;494
"15/05/23 18:52:20.106";299;115;171;228;503
"15/05/23 18:52:22.397";279;117;177;248;516
"15/05/23 18:52:26.132";17;101;163;260;533
"15/05/23 18:52:28.362";36;6;172;269;546
"15/05/23 18:52:33.811";37;9;0;3;553
"15/05/23 18:52:35.949";23;29;22;31;87
"15/05/23 18:52:40.494";266;24;25;31;38
"15/05/23 18:52:43.500";284;110;24;26;35
"15/05/23 18:52:46.221";273;124;214;275;38
"15/05/23 18:52:51.472";281;99;146;232;454
"15/05/23 18:52:53.484";265;101;158;228;504
"15/05/23 18:52:59.413";301;102;167;246;500
"15/05/23 18:53:02.454";309;116;172;234;514
"15/05/23 18:53:07.056";323;110;164;257;527
"15/05/23 18:53:09.761";23;106;165;263;542
"15/05/23 18:53:14.151";36;10;201;274;556
"15/05/23 18:53:15.378";39;20;0;3;548
"15/05/23 18:53:18.495";39;25;29;8;87
"15/05/23 18:53:25.041";235;11;30;23;39
"15/05/23 18:53:27.607";270;21;10;26;35
"15/05/23 18:53:29.636";284;117;73;27;38
"15/05/23 18:53:35.091";256;105;201;268;38
"15/05/23 18:53:37.076";253;105;146;227;470
"15/05/23 18:53:42.708";290;115;162;233;502
"15/05/23 18:53:44.655";293;106;163;229;499
"15/05/23 18:53:48.421";282;119;169;246;510
"15/05/23 18:53:53.895";116;119;174;252;522
"15/05/23 18:53:56.473";23;129;183;255;536
"15/05/23 18:53:58.313";25;10;126;275;551
"15/05/23 18:54:04.214";23;24;0;2;536
"15/05/23 18:54:07.887";41;10;9;24;65
"15/05/23 18:54:09.529";42;25;27;9;35
"15/05/23 18:54:13.003";19;7;8;10;36
"15/05/23 18:54:18.821";42;12;8;10;37
"15/05/23 18:54:19.467";38;6;24;9;35
"15/05/23 18:54:23.389";24;24;24;11;37
"15/05/23 18:54:26.767";40;10;12;31;37
"15/05/23 18:54:33.212";40;23;8;31;37
"15/05/23 18:54:36.660";24;24;12;26;34
"15/05/23 18:54:38.070";38;12;7;23;37
"15/05/23 18:54:41.100";39;23;9;27;35
"15/05/23 18:54:47.335";23;10;9;11;37
"15/05/23 18:54:51.470";258;7;22;11;37
"15/05/23 18:54:54.067";268;49;7;8;37
"15/05/23 18:54:55.941";249;123;209;11;35
"15/05/23 18:55:02.136";279;98;140;278;196
"15/05/23 18:55:05.468";275;110;160;268;483
"15/05/23 18:55:09.378";290;98;165;221;496
"15/05/23 18:55:11.218";298;114;169;240;502
"15/05/23 18:55:15.154";307;106;161;249;515
"15/05/23 18:55:20.171";29;119;179;257;530
"15/05/23 18:55:20.995";41;14;188;247;545
"15/05/23 18:55:26.843";37;6;0;271;564
"15/05/23 18:55:28.471";42;10;23;6;264
"15/05/23 18:55:33.562";22;25;23;9;49
"15/05/23 18:55:36.617";40;9;19;25;35
"15/05/23 18:55:41.001";270;12;11;6;37
"15/05/23 18:55:43.452";273;101;23;10;36
"15/05/23 18:55:45.900";273;124;213;274;37
"15/05/23 18:55:52.509";282;118;137;228;449
"15/05/23 18:55:53.659";282;102;147;224;499
"15/05/23 18:55:59.203";302;101;165;226;501
"15/05/23 18:56:02.552";313;102;173;226;511
"15/05/23 18:56:05.133";291;107;178;254;529
"15/05/23 18:56:09.348";26;107;171;260;545
"15/05/23 18:56:11.213";21;10;204;273;563
"15/05/23 18:56:14.666";20;10;0;4;571
"15/05/23 18:56:19.411";24;8;30;25;89
"15/05/23 18:56:23.568";256;5;25;24;38
"15/05/23 18:56:26.374";239;100;8;28;35
"15/05/23 18:56:31.571";245;111;206;247;38
"15/05/23 18:56:35.329";260;98;139;213;403
"15/05/23 18:56:39.590";261;96;138;218;481
"15/05/23 18:56:42.971";273;98;145;219;488
"15/05/23 18:56:46.627";281;111;164;218;491
"15/05/23 18:56:47.134";290;113;169;238;501
"15/05/23 18:56:52.379";26;92;173;247;515
"15/05/23 18:56:54.351";26;11;162;259;527
"15/05/23 18:57:01.119";20;8;0;7;543
"15/05/23 18:57:01.561";42;20;22;28;96
"15/05/23 18:57:05.875";25;22;22;27;41
"15/05/23 18:57:11.056";21;24;9;13;37
"15/05/23 18:57:15.263";21;24;25;9;34
"15/05/23 18:57:16.654";42;10;26;23;35
"15/05/23 18:57:22.259";272;24;9;27;35
"15/05/23 18:57:25.143";294;102;11;15;38
"15/05/23 18:57:28.882";290;123;210;208;38
"15/05/23 18:57:33.134";289;104;145;285;403
"15/05/23 18:57:37.061";296;118;147;237;506
"15/05/23 18:57:40.678";306;105;165;230;510
"15/05/23 18:57:43.827";315;119;172;257;520
"15/05/23 18:57:45.357";324;120;179;242;534
"15/05/23 18:57:50.304";24;126;172;263;548
"15/05/23 18:57:53.389";39;9;194;272;563
"15/05/23 18:57:55.423";44;22;0;82;571
"15/05/23 18:58:02.373";114;8;26;3;123
"15/05/23 18:58:05.663";270;25;8;25;41
"15/05/23 18:58:07.173";282;102;24;12;35
"15/05/23 18:58:10.295";259;123;205;272;37
"15/05/23 18:58:14.194";284;102;144;230;453
"15/05/23 18:58:19.957";294;117;155;236;505
"15/05/23 18:58:20.830";276;119;166;227;509
"15/05/23 18:58:27.505";313;105;173;249;517
"15/05/23 18:58:31.146";319;111;161;254;525
"15/05/23 18:58:33.974";19;107;180;247;538
"15/05/23 18:58:37.226";22;10;165;272;552
"15/05/23 18:58:39.062";22;23;0;5;543
"15/05/23 18:58:45.359";47;24;28;21;91
"15/05/23 18:58:48.056";44;9;24;8;37
"15/05/23 18:58:52.541";265;12;7;31;37
"15/05/23 18:58:55.693";297;101;27;22;35
"15/05/23 18:58:58.569";270;120;211;25;38
"15/05/23 18:59:02.628";293;99;148;279;343
"15/05/23 18:59:04.301";275;101;145;238;500
"15/05/23 18:59:10.591";306;117;166;234;512
"15/05/23 18:59:14.259";317;110;151;247;516
"15/05/23 18:59:17.322";298;120;176;252;529
"15/05/23 18:59:20.799";27;124;181;268;546
"15/05/23 18:59:24.207";21;11;184;278;563
"15/05/23 18:59:27.453";43;24;0;256;574
"15/05/23 18:59:29.573";24;21;24;2;174
"15/05/23 18:59:34.023";270;7;24;8;45
"15/05/23 18:59:38.666";288;99;24;27;35
"15/05/23 18:59:41.037";256;124;208;10;35
"15/05/23 18:59:45.582";291;121;189;280;368
"15/05/23 18:59:48.720";299;116;147;234;501
"15/05/23 18:59:52.978";309;122;155;227;506
"15/05/23 18:59:55.000";294;125;172;258;513
"15/05/23 18:59:59.337";328;117;159;260;528
"15/05/23 19:00:04.529";20;112;182;250;545
"15/05/23 19:00:07.865";24;8;198;288;559
"15/05/23 19:00:11.984";213;21;0;33;564
"15/05/23 19:00:15.227";261;10;23;0;111
"15/05/23 19:00:16.902";269;102;10;11;41
"15/05/23 19:00:19.959";253;119;207;272;36
"15/05/23 19:00:23.876";277;99;140;223;451
"15/05/23 19:00:28.585";277;117;141;227;490
"15/05/23 19:00:32.833";279;104;158;222;493
"15/05/23 19:00:35.977";289;101;162;246;497
"15/05/23 19:00:38.032";258;103;153;247;506
"15/05/23 19:00:43.232";17;95;176;248;518
"15/05/23 19:00:44.692";22;9;166;260;533
"15/05/23 19:00:49.013";20;20;0;2;527
"15/05/23 19:00:52.307";41;13;22;25;83
"15/05/23 19:00:57.313";279;25;8;13;38
"15/05/23 19:01:01.949";264;100;23;9;39
"15/05/23 19:01:03.355";246;121;207;11;35
"15/05/23 19:01:08.163";273;115;141;269;289
"15/05/23 19:01:12.691";288;96;144;229;478
"15/05/23 19:01:14.177";297;117;156;237;488
"15/05/23 19:01:17.008";280;119;162;246;498
"15/05/23 19:01:23.541";284;121;169;255;511
"15/05/23 19:01:26.806";24;111;174;258;527
"15/05/23 19:01:30.556";23;10;182;265;542
"15/05/23 19:01:33.850";23;20;0;257;551
"15/05/23 19:01:35.201";39;23;24;6;153
"15/05/23 19:01:40.813";250;20;7;10;42
"15/05/23 19:01:45.165";264;98;24;8;36
"15/05/23 19:01:46.070";245;116;204;256;35
"15/05/23 19:01:50.655";234;96;140;209;413
"15/05/23 19:01:54.419";240;100;141;217;483
"15/05/23 19:01:57.875";271;96;142;229;487
"15/05/23 19:02:02.934";285;111;166;215;485
"15/05/23 19:02:05.261";267;115;158;238;500
"15/05/23 19:02:09.336";21;90;177;227;516
"15/05/23 19:02:11.166";22;11;170;260;532
"15/05/23 19:02:16.457";41;25;0;4;541
"15/05/23 19:02:18.390";23;23;25;31;89
"15/05/23 19:02:24.671";46;24;24;24;38
"15/05/23 19:02:28.554";262;8;12;8;35
"15/05/23 19:02:29.419";243;102;27;24;35
"15/05/23 19:02:34.282";270;120;207;29;37
"15/05/23 19:02:37.203";249;117;182;272;372
"15/05/23 19:02:40.271";251;102;142;232;487
"15/05/23 19:02:45.604";285;110;161;227;495
"15/05/23 19:02:50.324";308;101;167;243;497
"15/05/23 19:02:53.034";290;104;174;251;513
"15/05/23 19:02:57.074";27;100;162;258;529
"15/05/23 19:02:58.710";38;10;185;268;549
"15/05/23 19:03:01.552";27;9;0;253;562
"15/05/23 19:03:08.245";44;6;22;2;170
"15/05/23 19:03:11.591";24;21;27;28;42
"15/05/23 19:03:15.090";264;11;26;8;35
"15/05/23 19:03:18.070";271;98;24;10;36
"15/05/23 19:03:22.791";274;119;206;155;37
"15/05/23 19:03:24.793";245;103;185;272;391
"15/05/23 19:03:29.850";281;111;144;218;493
"15/05/23 19:03:33.490";296;115;165;220;497
"15/05/23 19:03:36.849";277;116;170;242;505
"15/05/23 19:03:38.927";307;118;177;231;519
"15/05/23 19:03:44.094";27;103;182;237;537
"15/05/23 19:03:46.727";36;11;188;261;551
"15/05/23 19:03:49.543";36;25;0;218;564
"15/05/23 19:03:53.637";39;24;27;1;127
"15/05/23 19:03:56.936";283;23;25;10;41
"15/05/23 19:04:01.522";272;98;22;9;36
"15/05/23 19:04:03.473";273;118;202;31;35
"15/05/23 19:04:08.289";270;96;183;264;354
"15/05/23 19:04:11.330";272;99;153;214;487
"15/05/23 19:04:14.907";283;96;165;216;496
"15/05/23 19:04:20.314";302;113;174;213;501
"15/05/23 19:04:22.862";276;97;167;234;513
"15/05/23 19:04:27.146";27;102;168;251;528
"15/05/23 19:04:29.079";35;11;187;260;543
"15/05/23 19:04:32.088";44;23;0;233;555
"15/05/23 19:04:37.124";258;21;25;0;125
"15/05/23 19:04:40.657";272;101;11;15;42
"15/05/23 19:04:44.371";273;116;208;230;36
"15/05/23 19:04:47.396";249;102;145;214;398
"15/05/23 19:04:50.026";260;114;157;220;492
"15/05/23 19:04:55.486";290;114;167;222;498
"15/05/23 19:04:59.748";304;114;172;237;505
"15/05/23 19:05:02.251";277;102;177;222;518
"15/05/23 19:05:07.174";24;105;181;244;534
"15/05/23 19:05:07.585";23;11;191;257;548
"15/05/23 19:05:14.309";24;12;0;102;554
"15/05/23 19:05:16.572";39;7;23;2;119
"15/05/23 19:05:21.526";256;12;9;29;41
"15/05/23 19:05:24.689";275;99;9;25;36
"15/05/23 19:05:26.901";273;115;206;29;38
"15/05/23 19:05:31.151";249;112;185;263;346
"15/05/23 19:05:32.775";247;111;143;221;487
"15/05/23 19:05:37.346";272;110;162;233;494
"15/05/23 19:05:42.836";284;109;167;217;496
"15/05/23 19:05:45.728";262;113;173;235;504
"15/05/23 19:05:49.570";20;97;178;227;518
"15/05/23 19:05:50.585";36;11;191;244;531
"15/05/23 19:05:56.439";39;9;0;254;547
"15/05/23 19:06:00.380";48;9;25;4;138
"15/05/23 19:06:02.237";42;24;28;25;41
"15/05/23 19:06:06.898";23;25;10;13;35
"15/05/23 19:06:08.636";37;10;9;26;35
"15/05/23 19:06:12.239";39;22;29;7;38
"15/05/23 19:06:17.983";41;9;11;26;37
"15/05/23 19:06:22.499";258;21;7;12;37
"15/05/23 19:06:25.524";272;100;23;7;35
"15/05/23 19:06:28.510";282;123;207;10;38
"15/05/23 19:06:33.420";254;115;189;273;348
"15/05/23 19:06:36.705";275;99;147;233;489
"15/05/23 19:06:40.236";283;102;165;221;498
"15/05/23 19:06:41.530";298;97;170;224;500
"15/05/23 19:06:47.931";260;102;176;244;511
"15/05/23 19:06:50.720";26;101;171;252;522
"15/05/23 19:06:52.973";38;11;164;261;534
"15/05/23 19:06:58.596";38;22;0;241;543
"15/05/23 19:06:59.107";40;22;27;2;188
"15/05/23 19:07:02.698";39;8;28;7;44
"15/05/23 19:07:09.229";39;23;25;8;36
"15/05/23 19:07:10.528";38;13;9;27;37
"15/05/23 19:07:16.355";24;28;27;25;36
"15/05/23 19:07:19.482";24;23;23;31;37
"15/05/23 19:07:21.798";38;9;22;23;36
"15/05/23 19:07:26.267";39;25;14;28;35
"15/05/23 19:07:30.713";256;5;9;15;34
"15/05/23 19:07:31.321";243;8;26;25;35
"15/05/23 19:07:35.045";273;121;191;25;34
"15/05/23 19:07:41.304";259;96;150;271;182
"15/05/23 19:07:42.121";258;98;163;252;485
"15/05/23 19:07:48.534";287;114;164;219;499
"15/05/23 19:07:49.396";274;98;155;219;503
"15/05/23 19:07:53.458";278;103;174;241;513
"15/05/23 19:07:59.946";34;98;164;248;524
"15/05/23 19:08:02.417";19;127;171;239;535
"15/05/23 19:08:05.589";38;12;8;261;549
"15/05/23 19:08:10.757";254;10;21;3;370
"15/05/23 19:08:12.682";260;11;30;33;55
"15/05/23 19:08:15.208";271;102;26;24;38
"15/05/23 19:08:20.791";268;93;207;264;35
"15/05/23 19:08:24.714";278;97;143;220;458
"15/05/23 19:08:27.893";295;113;160;224;491
"15/05/23 19:08:31.776";299;115;169;219;488
"15/05/23 19:08:35.234";313;121;175;246;504
"15/05/23 19:08:39.566";35;123;176;255;522
"15/05/23 19:08:39.818";44;136;185;262;536
"15/05/23 19:08:46.238";19;9;53;273;552
"15/05/23 19:08:48.866";23;9;0;4;480
"15/05/23 19:08:53.355";20;25;12;24;60
"15/05/23 19:08:57.279";37;11;8;15;36
"15/05/23 19:09:00.171";44;8;12;24;35
"15/05/23 19:09:01.629";20;22;16;28;37
"15/05/23 19:09:08.319";254;11;9;26;38
"15/05/23 19:09:11.414";285;101;24;9;35
"15/05/23 19:09:12.885";285;115;212;26;38
"15/05/23 19:09:17.828";262;111;187;270;344
"15/05/23 19:09:21.262";284;102;146;233;490
"15/05/23 19:09:25.276";301;116;166;231;501
"15/05/23 19:09:29.922";309;112;173;245;507
"15/05/23 19:09:31.644";316;117;177;234;517
"15/05/23 19:09:36.707";24;121;180;265;532
"15/05/23 19:09:37.373";38;11;185;251;547
"15/05/23 19:09:43.848";38;23;0;251;557
"15/05/23 19:09:45.639";40;22;26;3;169
"15/05/23 19:09:50.328";21;10;6;10;43
"15/05/23 19:09:54.467";40;13;25;24;35
"15/05/23 19:09:57.846";251;10;29;13;36
"15/05/23 19:10:02.397";276;9;12;29;36
"15/05/23 19:10:03.589";249;116;200;23;36
"15/05/23 19:10:08.357";276;94;141;269;200
"15/05/23 19:10:11.660";270;110;161;254;472
"15/05/23 19:10:16.373";279;115;160;220;495
"15/05/23 19:10:20.206";298;110;166;246;499
"15/05/23 19:10:21.386";306;97;163;242;508
"15/05/23 19:10:27.492";29;98;180;230;522
"15/05/23 19:10:28.656";24;16;176;251;540
"15/05/23 19:10:31.493";25;20;0;257;561
"15/05/23 19:10:35.691";40;10;21;1;265
"15/05/23 19:10:38.910";26;9;26;29;48
"15/05/23 19:10:45.445";22;8;8;26;36
"15/05/23 19:10:49.030";38;23;20;8;35
"15/05/23 19:10:49.552";23;11;24;9;36
"15/05/23 19:10:53.865";19;22;10;11;36
"15/05/23 19:10:59.126";15;22;21;24;38
"15/05/23 19:11:01.603";24;7;12;30;35
"15/05/23 19:11:05.117";40;21;12;23;38
"15/05/23 19:11:08.966";16;25;23;29;35
"15/05/23 19:11:14.326";251;8;8;28;36
"15/05/23 19:11:17.204";269;10;6;26;37
"15/05/23 19:11:19.190";280;104;13;7;35
"15/05/23 19:11:23.030";280;117;209;271;35
"15/05/23 19:11:25.731";259;98;145;221;455
"15/05/23 19:11:32.342";288;101;157;228;497
"15/05/23 19:11:32.531";275;96;149;239;496
"15/05/23 19:11:36.393";289;101;171;246;509
"15/05/23 19:11:39.806";294;99;176;250;522
"15/05/23 19:11:44.339";26;104;185;242;538
"15/05/23 19:11:49.381";39;7;167;267;553
"15/05/23 19:11:52.932";20;8;0;0;543
"15/05/23 19:11:55.401";40;13;33;8;81
"15/05/23 19:11:58.565";24;12;11;31;38
"15/05/23 19:12:01.608";40;9;9;25;35
"15/05/23 19:12:05.952";25;25;28;8;38
"15/05/23 19:12:08.731";38;11;10;29;35
"15/05/23 19:12:13.968";25;20;10;9;37
"15/05/23 19:12:16.817";38;10;14;25;38
"15/05/23 19:12:20.531";25;10;12;11;35
"15/05/23 19:12:23.385";37;8;10;6;37
"15/05/23 19:12:28.550";38;20;11;9;36
"15/05/23 19:12:32.307";20;22;8;29;37
"15/05/23 19:12:33.796";41;21;26;28;38
"15/05/23 19:12:39.403";39;10;23;23;37
"15/05/23 19:12:44.163";21;10;22;14;38
"15/05/23 19:12:45.734";40;25;26;29;36
"15/05/23 19:12:50.589";265;22;11;30;36
"15/05/23 19:12:55.001";250;101;10;27;36
"15/05/23 19:12:58.029";277;120;216;45;38
"15/05/23 19:12:59.510";274;114;186;276;371
"15/05/23 19:13:04.324";286;110;152;228;492
"15/05/23 19:13:08.313";298;103;166;237;500
"15/05/23 19:13:10.894";282;98;161;242;507
"15/05/23 19:13:15.690";292;121;181;248;522
"15/05/23 19:13:20.041";27;103;180;259;539
"15/05/23 19:13:21.829";39;9;190;266;554
"15/05/23 19:13:25.460";18;21;0;276;564
"15/05/23 19:13:31.156";259;12;25;5;155
"15/05/23 19:13:34.378";268;97;13;24;42
"15/05/23 19:13:36.327";268;116;210;48;34
"15/05/23 19:13:40.445";248;114;183;268;377
"15/05/23 19:13:44.581";276;110;143;228;484
"15/05/23 19:13:48.960";294;101;162;220;492
"15/05/23 19:13:51.974";301;96;168;238;497
"15/05/23 19:13:53.529";311;104;164;244;510
"15/05/23 19:13:59.394";28;117;178;252;525
"15/05/23 19:14:02.572";40;7;182;241;539
"15/05/23 19:14:05.764";40;12;0;253;552
"15/05/23 19:14:07.489";22;8;28;5;143
"15/05/23 19:14:14.049";239;21;9;30;42
"15/05/23 19:14:17.694";256;21;14;24;35
"15/05/23 19:14:20.752";270;108;99;9;35
"15/05/23 19:14:24.957";275;92;208;266;33
"15/05/23 19:14:25.734";278;95;160;217;464
"15/05/23 19:14:31.233";277;100;149;223;492
"15/05/23 19:14:34.540";284;98;159;222;495
"15/05/23 19:14:37.333";291;99;170;228;507
"15/05/23 19:14:43.106";35;89;178;229;519
"15/05/23 19:14:44.497";20;120;183;247;531
"15/05/23 19:14:48.601";22;9;18;257;544
"15/05/23 19:14:52.810";20;22;20;5;440
"15/05/23 19:14:56.269";43;10;29;27;56
"15/05/23 19:14:58.246";22;14;9;7;36
"15/05/23 19:15:04.202";40;13;14;13;36
"15/05/23 19:15:07.549";20;8;25;11;34
"15/05/23 19:15:08.608";42;11;26;24;34
"15/05/23 19:15:15.217";252;11;13;14;37
"15/05/23 19:15:18.495";269;94;8;26;35
"15/05/23 19:15:19.652";254;117;202;31;37
"15/05/23 19:15:26.149";250;111;179;272;346
"15/05/23 19:15:28.437";273;96;139;227;477
"15/05/23 19:15:32.523";280;110;161;224;490
"15/05/23 19:15:37.072";294;112;164;224;489
"15/05/23 19:15:39.866";275;99;171;245;504
"15/05/23 19:15:43.806";26;103;179;247;516
"15/05/23 19:15:47.247";24;11;182;256;533
"15/05/23 19:15:48.786";37;21;0;245;544
"15/05/23 19:15:52.379";20;13;24;3;193
"15/05/23 19:15:57.269";40;20;8;27;43
"15/05/23 19:15:59.128";38;7;20;26;34
"15/05/23 19:16:02.963";38;8;7;24;34
"15/05/23 19:16:06.624";23;7;26;10;33
"15/05/23 19:16:10.650";24;22;10;31;34
"15/05/23 19:16:15.969";24;27;14;11;34
"15/05/23 19:16:19.398";23;9;24;9;36
"15/05/23 19:16:21.335";41;23;26;9;36
"15/05/23 19:16:27.375";24;25;9;9;33
"15/05/23 19:16:30.275";22;9;14;29;37
"15/05/23 19:16:32.471";17;22;10;9;35
"15/05/23 19:16:35.088";46;9;8;27;34
"15/05/23 19:16:39.001";23;21;8;11;36
"15/05/23 19:16:42.341";277;13;10;31;37
"15/05/23 19:16:47.365";278;103;16;26;34
"15/05/23 19:16:51.840";283;121;210;274;38
"15/05/23 19:16:56.051";299;98;148;228;450
"15/05/23 19:16:56.665";279;121;165;224;503
"15/05/23 19:17:01.110";310;106;166;253;502
"15/05/23 19:17:06.859";316;113;158;256;519
"15/05/23 19:17:09.554";326;129;180;265;534
"15/05/23 19:17:11.926";18;144;182;256;550
"15/05/23 19:17:14.797";20;9;207;278;559
"15/05/23 19:17:19.214";26;9;0;0;545
"15/05/23 19:17:23.553";44;8;26;29;77
"15/05/23 19:17:26.394";23;11;25;25;37
"15/05/23 19:17:32.124";20;9;9;24;35
"15/05/23 19:17:35.943";254;9;10;11;35
"15/05/23 19:17:39.592";286;90;12;26;37
"15/05/23 19:17:40.737";257;114;209;9;34
"15/05/23 19:17:46.270";255;93;141;272;234
"15/05/23 19:17:47.200";268;99;157;255;484
"15/05/23 19:17:52.925";295;116;159;230;502
"15/05/23 19:17:56.396";301;120;167;246;505
"15/05/23 19:18:01.116";284;104;174;254;516
"15/05/23 19:18:04.642";30;108;176;254;530
"15/05/23 19:18:05.673";23;44;183;244;542
"15/05/23 19:18:09.795";38;9;0;264;552
"15/05/23 19:18:13.051";24;23;21;0;290
"15/05/23 19:18:18.308";41;24;23;14;49
"15/05/23 19:18:21.743";22;10;26;27;35
"15/05/23 19:18:24.603";37;8;12;28;36
"15/05/23 19:18:29.998";20;7;21;11;34
"15/05/23 19:18:31.365";37;21;29;12;37
"15/05/23 19:18:34.982";39;10;26;6;38
"15/05/23 19:18:40.610";264;23;28;31;38
"15/05/23 19:18:44.031";296;100;22;30;36
"15/05/23 19:18:44.829";260;120;205;11;35
"15/05/23 19:18:49.081";286;116;185;276;332
"15/05/23 19:18:53.873";290;99;164;237;497
"15/05/23 19:18:58.568";303;117;166;232;509
"15/05/23 19:19:02.035";311;105;161;248;515
"15/05/23 19:19:05.469";282;111;177;256;528
"15/05/23 19:19:09.258";28;125;181;264;541
"15/05/23 19:19:12.437";38;12;184;266;554
"15/05/23 19:19:16.672";20;20;0;253;561
"15/05/23 19:19:20.202";42;23;22;0;189
"15/05/23 19:19:22.573";44;6;27;28;45
"15/05/23 19:19:25.234";42;8;27;6;35
"15/05/23 19:19:28.700";37;21;8;31;34
"15/05/23 19:19:32.653";23;11;9;23;37
"15/05/23 19:19:36.389";19;22;8;12;37
"15/05/23 19:19:41.907";271;22;23;27;35
"15/05/23 19:19:43.995";296;100;24;33;35
"15/05/23 19:19:48.578";282;123;209;263;34
"15/05/23 19:19:51.204";289;98;147;234;428
"15/05/23 19:19:55.150";296;118;161;238;507
"15/05/23 19:19:59.995";307;119;166;247;512
"15/05/23 19:20:03.523";313;108;173;232;523
"15/05/23 19:20:05.617";291;110;179;257;538
"15/05/23 19:20:10.581";26;107;167;265;553
"15/05/23 19:20:13.788";23;8;186;275;566
"15/05/23 19:20:14.558";22;7;0;10;560
"15/05/23 19:20:21.237";20;22;23;34;95
"15/05/23 19:20:23.220";281;8;25;24;40
"15/05/23 19:20:27.728";295;99;7;26;35
"15/05/23 19:20:31.690";268;120;208;26;37
"15/05/23 19:20:34.534";270;118;188;279;380
"15/05/23 19:20:39.441";300;114;161;234;506
"15/05/23 19:20:42.123";305;116;167;230;512
"15/05/23 19:20:43.965";294;109;174;236;520
"15/05/23 19:20:49.764";304;106;182;257;535
"15/05/23 19:20:53.178";21;108;170;261;551
"15/05/23 19:20:54.355";39;10;192;276;570
"15/05/23 19:21:00.341";260;10;0;251;583
"15/05/23 19:21:04.598";263;25;29;4;150
"15/05/23 19:21:06.997";249;123;191;11;42
"15/05/23 19:21:11.999";274;102;141;263;190
"15/05/23 19:21:14.962";284;96;161;256;475
"15/05/23 19:21:19.040";299;117;149;221;494
"15/05/23 19:21:22.421";307;105;167;225;499
"15/05/23 19:21:25.213";315;123;153;237;514
"15/05/23 19:21:29.855";29;128;179;265;528
"15/05/23 19:21:31.516";36;12;170;272;543
"15/05/23 19:21:35.804";38;20;0;284;557
"15/05/23 19:21:38.941";40;6;22;5;238
"15/05/23 19:21:43.796";39;7;10;8;48
"15/05/23 19:21:45.763";23;26;9;27;35
"15/05/23 19:21:51.243";21;24;7;27;37
"15/05/23 19:21:54.412";262;21;21;9;35
"15/05/23 19:21:58.121";262;24;8;28;35
"15/05/23 19:22:00.115";256;109;149;10;35
"15/05/23 19:22:05.592";273;93;210;272;118
"15/05/23 19:22:08.153";276;98;141;215;470
"15/05/23 19:22:12.368";286;115;156;228;498
"15/05/23 19:22:16.018";298;100;164;244;495
"15/05/23 19:22:19.298";312;116;173;247;510
"15/05/23 19:22:23.891";47;122;177;247;522
"15/05/23 19:22:25.389";24;127;186;260;541
"15/05/23 19:22:28.512";18;9;33;268;557
"15/05/23 19:22:34.740";40;23;0;5;466
"15/05/23 19:22:35.261";41;23;25;25;60
"15/05/23 19:22:38.970";44;21;14;8;35
"15/05/23 19:22:42.482";38;20;7;27;35
"15/05/23 19:22:46.918";40;6;22;24;34
"15/05/23 19:22:51.705";256;25;25;7;37
"15/05/23 19:22:56.247";278;79;23;24;34
"15/05/23 19:22:57.324";257;118;205;29;38
"15/05/23 19:23:02.938";257;96;136;280;242
"15/05/23 19:23:04.739";259;97;145;251;482
"15/05/23 19:23:09.942";288;116;160;244;500
"15/05/23 19:23:14.091";298;113;170;237;506
"15/05/23 19:23:17.481";282;102;175;244;516
"15/05/23 19:23:20.804";23;103;164;251;531
"15/05/23 19:23:22.254";27;11;184;244;546
"15/05/23 19:23:27.998";25;21;0;244;560
"15/05/23 19:23:29.085";18;12;24;4;212
"15/05/23 19:23:32.622";26;8;8;30;47
"15/05/23 19:23:37.239";42;22;26;28;35
"15/05/23 19:23:41.561";22;7;26;27;37
"15/05/23 19:23:45.901";38;9;15;10;37
"15/05/23 19:23:49.260";18;24;9;23;35
"15/05/23 19:23:53.794";23;10;10;27;35
"15/05/23 19:23:55.022";38;11;22;24;35
"15/05/23 19:23:59.245";40;13;14;27;35
"15/05/23 19:24:01.581";22;21;6;11;38
"15/05/23 19:24:06.323";24;11;14;9;35
"15/05/23 19:24:08.586";26;24;22;12;35
"15/05/23 19:24:12.342";38;26;6;27;37
"15/05/23 19:24:19.017";259;23;25;28;35
"15/05/23 19:24:21.728";283;100;12;27;37
"15/05/23 19:24:26.180";284;117;207;109;35
"15/05/23 19:24:28.417";260;115;184;279;390
"15/05/23 19:24:32.347";288;116;159;225;496
"15/05/23 19:24:36.287";300;101;162;230;502
"15/05/23 19:24:37.681";291;118;168;231;511
"15/05/23 19:24:41.145";290;121;177;230;522
"15/05/23 19:24:46.752";27;107;177;261;536
"15/05/23 19:24:51.348";25;8;183;266;550
"15/05/23 19:24:52.958";39;22;0;246;559
"15/05/23 19:24:56.430";22;10;27;2;144
"15/05/23 19:25:01.803";42;24;9;24;40
"15/05/23 19:25:03.469";18;9;21;11;35
"15/05/23 19:25:06.564";26;26;15;26;36
"15/05/23 19:25:12.985";41;24;26;27;37
"15/05/23 19:25:13.797";23;24;12;13;36
"15/05/23 19:25:19.566";38;8;23;11;35
"15/05/23 19:25:21.243";18;22;11;7;37
"15/05/23 19:25:27.056";257;7;14;26;37
"15/05/23 19:25:30.454";286;99;10;29;37
"15/05/23 19:25:32.495";261;126;206;10;38
"15/05/23 19:25:37.199";264;119;187;279;352
"15/05/23 19:25:38.655";273;116;152;230;497
"15/05/23 19:25:44.596";302;116;151;227;507
"15/05/23 19:25:48.658";311;103;162;222;515
"15/05/23 19:25:51.977";295;109;176;255;527
"15/05/23 19:25:56.147";27;126;182;262;543
"15/05/23 19:25:57.760";38;10;186;266;556
"15/05/23 19:26:02.511";24;22;0;249;564
"15/05/23 19:26:04.465";36;9;25;6;183
"15/05/23 19:26:09.034";41;22;7;11;45
"15/05/23 19:26:12.384";39;20;10;23;35
"15/05/23 19:26:17.970";252;26;15;10;38
"15/05/23 19:26:19.285";246;11;8;25;38
"15/05/23 19:26:22.807";295;104;10;27;37
"15/05/23 19:26:28.339";288;131;201;272;35
"15/05/23 19:26:32.363";295;105;154;233;463
"15/05/23 19:26:33.499";301;122;149;230;506
"15/05/23 19:26:38.916";312;122;171;246;512
"15/05/23 19:26:43.088";319;114;162;260;525
"15/05/23 19:26:44.148";298;127;180;263;542
"15/05/23 19:26:48.110";23;110;184;252;556
"15/05/23 19:26:52.566";38;7;171;281;568
"15/05/23 19:26:54.796";21;11;0;3;548
"15/05/23 19:27:00.123";40;8;24;24;72
"15/05/23 19:27:03.911";24;7;13;27;38
"15/05/23 19:27:08.067";42;23;29;31;35
"15/05/23 19:27:10.688";23;22;12;11;35
"15/05/23 19:27:13.449";24;22;27;4;37
"15/05/23 19:27:17.490";43;8;28;24;35
"15/05/23 19:27:21.500";22;24;24;33;38
"15/05/23 19:27:26.014";39;21;6;9;35
"15/05/23 19:27:29.993";262;25;23;26;36
"15/05/23 19:27:32.067";284;105;24;27;35
"15/05/23 19:27:34.005";258;122;208;252;38
"15/05/23 19:27:38.049";265;118;142;225;418
"15/05/23 19:27:43.068";293;117;150;248;501
"15/05/23 19:27:47.826";301;106;170;241;506
"15/05/23 19:27:50.169";311;104;155;229;516
"15/05/23 19:27:54.410";289;109;176;236;532
"15/05/23 19:27:58.211";24;108;180;259;545
"15/05/23 19:28:00.431";39;10;193;272;559
"15/05/23 19:28:05.124";294;13;0;19;570
"15/05/23 19:28:09.503";282;61;25;0;110
"15/05/23 19:28:13.184";262;127;198;9;41
"15/05/23 19:28:16.255";256;103;139;273;216
"15/05/23 19:28:19.850";281;115;158;258;487
"15/05/23 19:28:23.959";297;118;160;230;503
"15/05/23 19:28:25.960";303;119;168;248;509
"15/05/23 19:28:28.378";310;120;175;246;521
"15/05/23 19:28:34.379";29;122;179;252;534
"15/05/23 19:28:37.457";23;72;186;262;546
"15/05/23 19:28:41.229";39;5;0;250;561
"15/05/23 19:28:42.519";23;12;23;3;349
"15/05/23 19:28:45.902";26;22;15;23;50
"15/05/23 19:28:51.120";37;9;11;27;36
"15/05/23 19:28:55.391";20;20;10;12;38
"15/05/23 19:28:59.941";106;10;7;32;35
"15/05/23 19:29:02.460";263;23;24;27;34
"15/05/23 19:29:04.901";285;104;21;11;38
"15/05/23 19:29:10.056";286;117;208;271;38
"15/05/23 19:29:11.731";286;104;140;222;449
"15/05/23 19:29:17.985";288;117;155;221;500
"15/05/23 19:29:21.068";300;106;162;245;507
"15/05/23 19:29:24.465";311;106;155;249;515
"15/05/23 19:29:26.997";289;106;161;253;526
"15/05/23 19:29:30.221";26;101;161;241;542
"15/05/23 19:29:35.197";26;7;198;269;555
"15/05/23 19:29:39.547";36;22;0;4;544
"15/05/23 19:29:40.089";38;10;25;23;86
"15/05/23 19:29:44.174";23;8;28;13;37
"15/05/23 19:29:49.899";19;12;26;34;38
"15/05/23 19:29:50.699";37;23;8;7;36
"15/05/23 19:29:54.834";22;23;25;12;36
"15/05/23 19:30:00.812";21;25;12;10;38
"15/05/23 19:30:04.665";47;9;10;10;39
"15/05/23 19:30:06.303";38;10;11;26;36
"15/05/23 19:30:08.920";24;23;23;12;38
"15/05/23 19:30:14.262";22;24;7;7;35
"15/05/23 19:30:17.992";39;25;20;13;36
"15/05/23 19:30:19.445";26;12;27;27;34
"15/05/23 19:30:25.288";25;8;26;10;33
"15/05/23 19:30:28.591";25;8;8;9;34
"15/05/23 19:30:32.248";21;19;15;27;33
"15/05/23 19:30:36.881";39;9;23;26;34
"15/05/23 19:30:40.606";43;6;25;14;36
"15/05/23 19:30:42.939";23;23;26;9;34
"15/05/23 19:30:46.272";40;7;27;15;36
"15/05/23 19:30:48.865";330;23;27;25;36
"15/05/23 19:30:53.664";324;110;9;25;36
"15/05/23 19:30:58.505";319;129;224;279;36
"15/05/23 19:31:00.293";299;108;166;299;451
"15/05/23 19:31:02.718";298;117;163;255;541
"15/05/23 19:31:06.923";301;115;179;248;545
"15/05/23 19:31:12.837";321;112;184;256;557
"15/05/23 19:31:15.651";286;129;187;265;569
"15/05/23 19:31:19.269";24;99;196;252;580
"15/05/23 19:31:22.759";26;11;177;274;589
"15/05/23 19:31:27.099";21;19;0;0;554
"15/05/23 19:31:29.246";39;6;29;28;87